-- phpMyAdmin SQL Dump
-- version 4.9.5deb2
-- https://www.phpmyadmin.net/
--
-- Host: localhost:3306
-- Generation Time: Dec 21, 2020 at 10:49 AM
-- Server version: 8.0.22-0ubuntu0.20.04.3
-- PHP Version: 7.4.3

SET SQL_MODE = "NO_AUTO_VALUE_ON_ZERO";
SET AUTOCOMMIT = 0;
START TRANSACTION;
SET time_zone = "+00:00";


/*!40101 SET @OLD_CHARACTER_SET_CLIENT=@@CHARACTER_SET_CLIENT */;
/*!40101 SET @OLD_CHARACTER_SET_RESULTS=@@CHARACTER_SET_RESULTS */;
/*!40101 SET @OLD_COLLATION_CONNECTION=@@COLLATION_CONNECTION */;
/*!40101 SET NAMES utf8mb4 */;

--
-- Database: `prestamos`
--

--
-- Dumping data for table `acreedores`
--

INSERT INTO `acreedores` (`id`, `nombre`, `cliente`, `cedula`, `telefono`, `email`, `fecha`, `status`, `user_id`) VALUES
(1, 'marino rodriguez', 0, '02601420934', '8098781197', 'hensleymrb@hotmail.com', '2019-08-05 17:58:27', 1, 1);

--
-- Dumping data for table `ciudad`
--

INSERT INTO `ciudad` (`id`, `nombre`, `postal`, `region`) VALUES
(1802, 'Altamira', '', ''),
(602, 'Arenoso', '', ''),
(201, 'Azua', '', ''),
(2103, 'Bajos De Haina', '', ''),
(1701, 'Bani', '', ''),
(702, 'Banica', '', ''),
(401, 'Barahona', '', ''),
(3208, 'Bavaro', '', ''),
(2902, 'Bayaguana', '', ''),
(2502, 'Bisono', '', ''),
(3204, 'Boca Chica', '', ''),
(2202, 'Bohechio', '', ''),
(2801, 'Bonao', '', ''),
(402, 'Cabral', '', ''),
(1402, 'Cabrera', '', ''),
(2104, 'Cambita Garabitos', '', ''),
(1502, 'Castaã‘uelas', '', ''),
(603, 'Castillo', '', ''),
(902, 'Cayetano Germosen', '', ''),
(2402, 'Cevicos', '', ''),
(701, 'Comendador', '', ''),
(1302, 'Constanza', '', ''),
(2304, 'Consuelo', '', ''),
(2401, 'Cotui', '', ''),
(1005, 'Cristobal', '', ''),
(501, 'Dajabon', '', ''),
(1002, 'Duverge', '', ''),
(2203, 'El Cercado', '', ''),
(1403, 'El Factor', '', ''),
(703, 'El Llano', '', ''),
(406, 'El Peñon', '', ''),
(505, 'El Pino', '', ''),
(801, 'El Seibo', '', ''),
(3003, 'El Valle', '', ''),
(403, 'Enriquillo', '', ''),
(2702, 'Esperanza', '', ''),
(210, 'Estebania', '', ''),
(607, 'Eugenio Maria De Hostos', '', ''),
(2403, 'Fantino', '', ''),
(408, 'Fundacion', '', ''),
(302, 'Galvan', '', ''),
(903, 'Gaspar Hernandez', '', ''),
(1803, 'Guananico', '', ''),
(209, 'Guayabal', '', ''),
(2306, 'Guayacanes', '', ''),
(1202, 'Guaymate', '', ''),
(1503, 'Guayubin', '', ''),
(3001, 'Hato Mayor', '', ''),
(1101, 'Higuey', '', ''),
(704, 'Hondo Valle', '', ''),
(1804, 'Imbert', '', ''),
(904, 'Jamao Al Norte', '', ''),
(2503, 'Janico', '', ''),
(411, 'Jaquimeyes', '', ''),
(1303, 'Jarabacoa', '', ''),
(1304, 'Jima Abajo', '', ''),
(1001, 'Jimani', '', ''),
(2204, 'Juan De Herrera', '', ''),
(706, 'Juan Santiago', '', ''),
(407, 'La Cienaga', '', ''),
(1003, 'La Descubierta', '', ''),
(2404, 'La Mata', '', ''),
(1201, 'La Romana', '', ''),
(1301, 'La Vega', '', ''),
(2703, 'Laguna Salada', '', ''),
(202, 'Las Charcas', '', ''),
(606, 'Las Guaranas', '', ''),
(2205, 'Las Matas De Farfan', '', ''),
(1504, 'Las Matas De Santa Cruz', '', ''),
(409, 'Las Salinas', '', ''),
(2003, 'Las Terrenas', '', ''),
(203, 'Las Yayas De Viajama', '', ''),
(2504, 'Licey Al Medio', '', ''),
(502, 'Loma De Cabrera', '', ''),
(3206, 'Los Alcarrizos', '', ''),
(2108, 'Los Cacaos', '', ''),
(1805, 'Los Hidalgos', '', ''),
(2302, 'Los Llanos', '', ''),
(305, 'Los Rios', '', ''),
(1806, 'Luperon', '', ''),
(2802, 'Maimon', '', ''),
(2701, 'Mao', '', ''),
(1006, 'Mella', '', ''),
(802, 'Miches', '', ''),
(901, 'Moca', '', ''),
(2603, 'Moncion', '', ''),
(1501, 'Monte Cristi', '', ''),
(2901, 'Monte Plata', '', ''),
(1401, 'Nagua', '', ''),
(301, 'Neiba', '', ''),
(1702, 'Nizao', '', ''),
(3210, 'Online', '', ''),
(1602, 'Oviedo', '', ''),
(204, 'Padre Las Casas', '', ''),
(404, 'Paraiso', '', ''),
(503, 'Partido', '', ''),
(1601, 'Pedernales', '', ''),
(3207, 'Pedro Brand', '', ''),
(705, 'Pedro Santana', '', ''),
(1505, 'Pepillo Salcedo', '', ''),
(205, 'Peralta', '', ''),
(2905, 'Peralvillo', '', ''),
(2803, 'Piedra Blanca', '', ''),
(604, 'Pimentel', '', ''),
(410, 'Polo', '', ''),
(1004, 'Postrer Rio', '', ''),
(207, 'Pueblo Viejo', '', ''),
(1801, 'Puerto Plata', '', ''),
(2508, 'Puñal', '', ''),
(3211, 'Punta Cana', '', ''),
(2305, 'Quisqueya', '', ''),
(2303, 'Ramon Santana', '', ''),
(3103, 'Rancho Arriba', '', ''),
(504, 'Restauracion', '', ''),
(1404, 'Rio San Juan', '', ''),
(3002, 'Sabana De La Mar', '', ''),
(2903, 'Sabana Grande De Boya', '', ''),
(2102, 'Sabana Grande De Palenque', '', ''),
(2509, 'Sabana Iglesia', '', ''),
(3102, 'Sabana Larga', '', ''),
(206, 'Sabana Yegua', '', ''),
(1901, 'Salcedo', '', ''),
(2001, 'Samana', '', ''),
(3205, 'San Antonio De Guerra', '', ''),
(2101, 'San Cristobal', '', ''),
(601, 'San Francisco De Macoris', '', ''),
(2107, 'San Gregorio De Nigua', '', ''),
(2601, 'San Ignacio De Sabaneta', '', ''),
(2505, 'San Jose De Las Matas', '', ''),
(3101, 'San Jose De Ocoa', '', ''),
(2201, 'San Juan', '', ''),
(2301, 'San Pedro De Macoris', '', ''),
(1102, 'San Rafael Del Yuma', '', ''),
(2002, 'Sanchez', '', ''),
(2501, 'Santiago', '', ''),
(3209, 'Santiago Rodriguez', '', ''),
(101, 'Santo Domingo', '', ''),
(3201, 'Santo Domingo Este', '', ''),
(3203, 'Santo Domingo Norte', '', ''),
(3202, 'Santo Domingo Oeste', '', ''),
(1807, 'Sosua', '', ''),
(208, 'Tabara Arriba', '', ''),
(303, 'Tamayo', '', ''),
(2506, 'Tamboril', '', ''),
(1902, 'Tenares', '', ''),
(2206, 'Vallejuelo', '', ''),
(405, 'Vicente Noble', '', ''),
(2105, 'Villa Altagracia', '', ''),
(2507, 'Villa Gonzalez', '', ''),
(1203, 'Villa Hermosa', '', ''),
(1808, 'Villa Isabela', '', ''),
(304, 'Villa Jaragua', '', ''),
(2602, 'Villa Los Almacigos', '', ''),
(1809, 'Villa Montellano', '', ''),
(605, 'Villa Riva', '', ''),
(1903, 'Villa Tapia', '', ''),
(1506, 'Villa Vasquez', '', ''),
(2106, 'Yaguate', '', ''),
(2904, 'Yamasa', '', '');

--
-- Dumping data for table `clientes`
--

INSERT INTO `clientes` (`id`, `name`, `email`, `telefono`, `direccion`, `ciudad`, `nota`, `date_reg`, `user_id`, `status`, `ruta`, `cedula`, `tel2`, `referencias`, `cobrador_id`, `acceso`, `user`, `pass`) VALUES
(1, 'kilvio ramirez', 'kilvio@codetel.net.do', '8299288061', 'villa mella', 3203, '', 1560385165, 0, 1, 3, '00113330724', '8092237408', 'null', 0, 0, 'junior', '741'),
(2, 'Hensley Rodriguez', 'hensleymrb@hotmail.com', '8098781197', '', 1201, '', 1561856391, 0, 1, 2, '02601420934', '', 'null', 0, 1, 'MARINO', '291290'),
(3, 'ELISAEL DE LOS SANTOS MERCEDES', 'ELISAEL@HOTMAIL.COM', '8091111111', '.', 1201, '', 1565139803, 0, 1, 1, '03104189448', '8091111111', 'null', 0, 0, '.', '.'),
(4, 'ANA BANCA 102', '', '8090000000', '', 1201, '', 1568072343, 0, 1, 0, '102', '', 'null', 0, 0, 'junior', '741852'),
(5, 'DE LA ROSA BANCA #102', '', '8090000000', '', 1802, '', 1568072813, 0, 1, 0, '00000000000', '', 'null', 0, 0, 'junior', '741852'),
(6, 'YESSICA CRISLENY RODRIGUEZ GOMEZ (PROFESORA)', '', '8295873204', '', 1201, '', 1568073380, 0, 1, 0, '02601366038', '', 'null', 0, 0, 'junior', '741852'),
(7, 'PASCUALA MEJIA', '', '8098424134', '', 1802, '', 1568074885, 0, 1, 0, '02600498956', '', 'null', 0, 0, 'junior', '741852'),
(8, 'SANTOS MARTINEZ', '', '8099974080', '', 1802, '', 1568074946, 0, 1, 0, '00108508581', '', 'null', 0, 0, 'junior', '741852'),
(9, 'ANGELIN HERRERA', '', '8299248469', '', 1802, '', 1568074977, 0, 1, 0, '02601282946', '', 'null', 0, 0, 'junior', '741852'),
(10, 'CRISTINA URE&Ntilde;A', '', '8095098340', '', 1802, '', 1568075016, 0, 1, 0, '02600797365', '', 'null', 0, 0, 'junior', '741852'),
(11, 'MARIA ESTELA RODRIGUEZ RODRIGUEZ', '', '8292693666', '', 1802, '', 1568075059, 0, 1, 0, '02601316249', '', 'null', 0, 0, 'junior', '741852'),
(12, 'YOHAIRA ROCHE', '', '8293957618', '', 1802, '', 1568075111, 0, 1, 0, '00', '', 'null', 0, 0, 'junior', '741852'),
(13, 'ANDERSON URBAEZ', '', '8292575396', '', 1802, '', 1568075637, 0, 1, 0, '00105495071', '', 'null', 0, 0, 'junior', '741852'),
(14, 'CLARIBEL SANTANA (VILAL HERMOSA)', '', '8295266950', '', 1802, '', 1568075706, 0, 1, 0, '02601093608', '', 'null', 0, 0, 'junior', '741852'),
(15, 'ANYELINA YOKASTA (VILLA HERMOSA) (ANA)', '', '8298433096', '', 1802, '', 1568075747, 0, 1, 0, '40222666147', '', 'null', 0, 0, 'junior', '741852'),
(16, 'CAROLIN SANTANA', '', '8097044308', '', 1802, '', 1568075783, 0, 1, 0, '02601378157', '', 'null', 0, 0, 'junior', '741852'),
(17, 'CAROLINA #32', '', '809', '', 1201, '', 1568075829, 0, 1, 0, '00', '', 'null', 0, 0, 'junior', '741852'),
(18, 'ADRIAN ENCARNACION', '', '8097292853', '', 1802, '', 1568075858, 0, 1, 0, '40212798124', '', 'null', 0, 0, 'junior', '741852'),
(19, 'ESPOSO CAROLINA', '', '809', '', 1201, '', 1568075884, 0, 1, 0, '00', '', 'null', 0, 0, 'junior', '741852'),
(20, 'HECTOR JULIO DE LA CRUZ', '', '8294489370', '', 1802, '', 1568075915, 0, 1, 0, '02601178326', '', 'null', 0, 0, 'junior', '741852'),
(21, 'ARIANNNY (VILLA HERMOSA)', '', '809', '', 1802, '', 1568075935, 0, 1, 0, '00', '', 'null', 0, 0, 'junior', '741852'),
(22, 'ROSA (VILLA HERMOSA)', '&ordm;', '809', '', 1802, '', 1568075953, 0, 1, 0, '00', '', 'null', 0, 0, 'junior', '741852'),
(23, 'VERONICA (VILLA HERMOSA)', '', '00', '', 1802, '', 1568075974, 0, 1, 0, '00', '', 'null', 0, 0, 'junior', '741852'),
(24, 'MARISOL (CASA JUNIOR)', '', '00', '', 1201, '', 1568076006, 0, 1, 0, '00', '', 'null', 0, 0, 'junior', '741852'),
(25, 'ISIDRA GOMEZ', '', '', '', 1802, '', 1568076048, 0, 1, 0, '02600598334', '', 'null', 0, 0, 'junior', '741852'),
(26, 'MERCEDES (VILLA HERMOSA)', '', '00', '', 1802, '', 1568076080, 0, 1, 0, '00', '', 'null', 0, 0, 'junior', '741852'),
(27, 'ROSA MARIA RUIZ', '', '8098276969', '', 1802, '', 1568076114, 0, 1, 0, '02600626416', '', 'null', 0, 0, 'junior', '741852'),
(28, 'LOYDA (VILLA HERMOSA)', '', '00', '', 1802, '', 1568076134, 0, 1, 0, '00', '', 'null', 0, 0, 'junior', '741852'),
(29, 'TERESA ROCHE', '', '8096025942', '', 1201, '', 1568076223, 0, 1, 0, '02600395517', '', 'null', 0, 0, 'junior', '741852'),
(30, 'INGRID APONTE', '', '8298059567', '', 1802, '', 1568076249, 0, 1, 0, '02601137249', '', 'null', 0, 0, 'junior', '741852'),
(31, 'ROSAURA SENYU', '', '8298521051', '', 1802, '', 1568076289, 0, 1, 0, '10300071866', '', 'null', 0, 0, 'junior', '741852'),
(32, 'NELIA FRANCO  (VENEZOLANA)', '', '8097633674', '', 1201, '', 1568076324, 0, 1, 0, '00', '', 'null', 0, 0, 'junior', '741852'),
(33, 'YANNA (HIJA PASCUALA)', '', '00', '', 1802, '', 1568076344, 0, 1, 0, '00', '', 'null', 0, 0, 'junior', '741852'),
(34, 'LILIBETH FRIAS', '', '8298357845', '', 1802, '', 1568076373, 0, 1, 0, '02601440437', '', 'null', 0, 0, 'junior', '741852'),
(35, 'FIOR RAMON CONCEPCION', '', '8492080734', '', 1802, '', 1568076399, 0, 1, 0, '00114312929', '', 'null', 0, 0, 'junior', '741852'),
(36, 'MAR&Iacute;A (FARMACIA)', '', '00', '', 1802, '', 1568076454, 0, 1, 0, '00', '', 'null', 0, 0, 'junior', '741852'),
(37, 'CAROLINA (FARMACIA)', '', '00', '', 1802, '', 1568076484, 0, 1, 0, '00', '', 'null', 0, 0, 'junior', '741852');

--
-- Dumping data for table `configuracion`
--

INSERT INTO `configuracion` (`id`, `emp_nombre`, `emp_logo`, `emp_direccion`, `emp_direccion2`, `emp_telefono`, `general_interes`, `general_ganancias`, `last_update`, `dias_proroga`, `email_general`, `email_atrasos`, `email_cobros`) VALUES
(1, 'INVERSIONES JUNIOR', '', 'LA ROMANA', '', '829-257-5395', '', '', 0, 0, '', '', '');

--
-- Dumping data for table `creditos_pagos`
--

INSERT INTO `creditos_pagos` (`id`, `fecha`, `prestamo_id`, `credito_id`, `user_id`, `num_cuota`, `pago_cuota`, `pago_interes`, `pago_total`, `tipo`, `bal_anterior`, `bal_final`, `cobrador_id`) VALUES
(2, '2019-08-12 19:30:54', 3, 20, 3, 1, 3125, 0, 3125, 'pago', '31250.00', '28125.00', 1),
(3, '2019-08-19 19:31:04', 3, 21, 3, 2, 3125, 0, 3125, 'pago', '28125.00', '25000.00', 1),
(4, '2019-08-26 19:31:14', 3, 22, 3, 3, 3125, 0, 3125, 'pago', '25000.00', '21875.00', 1),
(5, '2019-09-02 19:34:47', 3, 23, 3, 4, 3125, 0, 3125, 'pago', '21875.00', '18750.00', 1),
(6, '2019-09-09 19:41:08', 4, 30, 4, 1, 3600, 0, 3600, 'pago', '36000.00', '32400.00', 1),
(7, '2019-09-09 19:41:08', 4, 31, 4, 2, 3600, 0, 3600, 'pago', '32400.00', '28800.00', 1),
(8, '2019-09-09 19:41:08', 4, 32, 4, 3, 3600, 0, 3600, 'pago', '28800.00', '25200.00', 1),
(9, '2019-09-09 19:41:08', 4, 33, 4, 4, 3600, 0, 3600, 'pago', '25200.00', '21600.00', 1),
(10, '2019-09-09 19:41:08', 4, 34, 4, 5, 3600, 0, 3600, 'pago', '21600.00', '18000.00', 1),
(18, '2019-09-09 19:45:25', 6, 55, 4, 1, 4000, 0, 4000, 'pago', '60000.00', '56000.00', 1),
(19, '2019-09-09 19:45:25', 6, 56, 4, 2, 4000, 0, 4000, 'pago', '56000.00', '52000.00', 1),
(20, '2019-09-09 19:45:25', 6, 57, 4, 3, 4000, 0, 4000, 'pago', '52000.00', '48000.00', 1),
(21, '2019-09-09 19:45:25', 6, 58, 4, 4, 4000, 0, 4000, 'pago', '48000.00', '44000.00', 1),
(22, '2019-09-09 19:45:25', 6, 59, 4, 5, 4000, 0, 4000, 'pago', '44000.00', '40000.00', 1),
(23, '2019-09-09 19:45:25', 6, 60, 4, 6, 4000, 0, 4000, 'pago', '40000.00', '36000.00', 1),
(24, '2019-09-09 19:45:25', 6, 61, 4, 7, 4000, 0, 4000, 'pago', '36000.00', '32000.00', 1),
(25, '2019-09-09 19:48:57', 7, 70, 5, 1, 1200, 0, 1200, 'pago', '12000.00', '10800.00', 1),
(26, '2019-09-09 19:48:57', 7, 71, 5, 2, 1200, 0, 1200, 'pago', '10800.00', '9600.00', 1),
(27, '2019-09-09 19:48:57', 7, 72, 5, 3, 1200, 0, 1200, 'pago', '9600.00', '8400.00', 1),
(28, '2019-09-09 19:48:57', 7, 73, 5, 4, 1200, 0, 1200, 'pago', '8400.00', '7200.00', 1),
(29, '2019-09-09 19:48:57', 7, 74, 5, 5, 1200, 0, 1200, 'pago', '7200.00', '6000.00', 1),
(30, '2019-09-09 19:48:57', 7, 75, 5, 6, 1200, 0, 1200, 'pago', '6000.00', '4800.00', 1),
(31, '2019-09-09 16:31:07', 3, 24, 3, 5, 3125, 0, 3125, 'pago', '18750.00', '15625.00', 1),
(32, '2019-09-12 16:40:23', 8, 80, 6, 1, 1800, 0, 1800, 'pago', '7200.00', '5400.00', 1),
(33, '2019-09-12 16:40:23', 8, 81, 6, 2, 1800, 0, 1800, 'pago', '5400.00', '3600.00', 1),
(34, '2019-09-12 16:40:23', 8, 82, 6, 3, 1800, 0, 1800, 'pago', '3600.00', '1800.00', 1),
(35, '2019-09-12 16:40:23', 8, 83, 6, 4, 1800, 0, 1800, 'pago', '1800.00', '0.00', 1),
(36, '2019-11-26 10:55:57', 3, 25, 3, 6, 3125, 0, 3125, 'pago', '15625.00', '12500.00', 1),
(37, '2019-11-26 10:55:57', 3, 26, 3, 7, 3125, 0, 3125, 'pago', '12500.00', '9375.00', 1),
(38, '2019-11-26 10:55:57', 3, 27, 3, 8, 3125, 0, 3125, 'pago', '9375.00', '6250.00', 1),
(39, '2019-11-26 10:55:57', 3, 28, 3, 9, 3125, 0, 3125, 'pago', '6250.00', '3125.00', 1),
(40, '2019-11-26 10:55:57', 3, 29, 3, 10, 3125, 0, 3125, 'pago', '3125.00', '0.00', 1),
(41, '2019-11-26 11:01:14', 6, 62, 4, 8, 4000, 0, 4000, 'pago', '32000.00', '28000.00', 1),
(42, '2019-11-26 11:01:14', 6, 63, 4, 9, 4000, 0, 4000, 'pago', '28000.00', '24000.00', 1),
(43, '2019-11-26 11:01:14', 6, 64, 4, 10, 4000, 0, 4000, 'pago', '24000.00', '20000.00', 1),
(44, '2019-11-26 11:01:14', 6, 65, 4, 11, 4000, 0, 4000, 'pago', '20000.00', '16000.00', 1),
(45, '2019-11-26 11:01:14', 6, 66, 4, 12, 4000, 0, 4000, 'pago', '16000.00', '12000.00', 1),
(46, '2019-11-26 11:01:14', 6, 67, 4, 13, 4000, 0, 4000, 'pago', '12000.00', '8000.00', 1),
(47, '2019-11-26 11:01:14', 6, 68, 4, 14, 4000, 0, 4000, 'pago', '8000.00', '4000.00', 1),
(48, '2019-11-26 11:01:14', 6, 69, 4, 15, 4000, 0, 4000, 'pago', '4000.00', '0.00', 1),
(49, '2019-11-26 11:07:34', 11, 102, 5, 1, 1200, 0, 1200, 'pago', '12000.00', '10800.00', 1),
(50, '2019-11-26 11:07:34', 11, 103, 5, 2, 1200, 0, 1200, 'pago', '10800.00', '9600.00', 1),
(51, '2019-11-26 11:07:34', 11, 104, 5, 3, 1200, 0, 1200, 'pago', '9600.00', '8400.00', 1),
(52, '2019-11-26 11:07:34', 11, 105, 5, 4, 1200, 0, 1200, 'pago', '8400.00', '7200.00', 1),
(53, '2019-11-26 11:07:34', 11, 106, 5, 5, 1200, 0, 1200, 'pago', '7200.00', '6000.00', 1),
(54, '2019-11-26 11:07:34', 11, 107, 5, 6, 1200, 0, 1200, 'pago', '6000.00', '4800.00', 1),
(55, '2019-11-26 11:07:34', 11, 108, 5, 7, 1200, 0, 1200, 'pago', '4800.00', '3600.00', 1),
(56, '2019-11-26 11:07:34', 11, 109, 5, 8, 1200, 0, 1200, 'pago', '3600.00', '2400.00', 1),
(57, '2019-11-26 11:07:34', 11, 110, 5, 9, 1200, 0, 1200, 'pago', '2400.00', '1200.00', 1),
(58, '2019-11-26 11:07:45', 7, 76, 5, 7, 1200, 0, 1200, 'pago', '4800.00', '3600.00', 1),
(59, '2019-11-26 11:07:45', 7, 77, 5, 8, 1200, 0, 1200, 'pago', '3600.00', '2400.00', 1),
(60, '2019-11-26 11:07:45', 7, 78, 5, 9, 1200, 0, 1200, 'pago', '2400.00', '1200.00', 1),
(61, '2019-11-26 11:07:45', 7, 79, 5, 10, 1200, 0, 1200, 'pago', '1200.00', '0.00', 1),
(62, '2019-11-26 11:11:12', 13, 118, 5, 1, 1200, 0, 1200, 'pago', '12000.00', '10800.00', 1),
(63, '2019-11-26 11:11:12', 13, 119, 5, 2, 1200, 0, 1200, 'pago', '10800.00', '9600.00', 1),
(64, '2019-11-26 11:11:12', 13, 120, 5, 3, 1200, 0, 1200, 'pago', '9600.00', '8400.00', 1),
(65, '2019-11-26 11:11:12', 13, 121, 5, 4, 1200, 0, 1200, 'pago', '8400.00', '7200.00', 1),
(66, '2020-01-15 20:02:36', 13, 122, 5, 5, 1200, 0, 1200, 'pago', '7200.00', '6000.00', 1),
(67, '2020-01-15 20:02:36', 13, 123, 5, 6, 1200, 0, 1200, 'pago', '6000.00', '4800.00', 1),
(68, '2020-01-15 20:02:36', 13, 124, 5, 7, 1200, 0, 1200, 'pago', '4800.00', '3600.00', 1),
(69, '2020-01-15 20:02:36', 13, 125, 5, 8, 1200, 0, 1200, 'pago', '3600.00', '2400.00', 1),
(70, '2020-01-15 20:02:36', 13, 126, 5, 9, 1200, 0, 1200, 'pago', '2400.00', '1200.00', 1),
(71, '2020-01-15 20:02:36', 13, 127, 5, 10, 1200, 0, 1200, 'pago', '1200.00', '0.00', 1),
(72, '2020-01-15 20:02:43', 11, 111, 5, 10, 1200, 0, 1200, 'pago', '1200.00', '0.00', 1),
(73, '2020-01-15 20:08:38', 33, 348, 5, 1, 1800, 0, 1800, 'pago', '18000.00', '16200.00', 1),
(74, '2020-01-15 20:08:38', 33, 349, 5, 2, 1800, 0, 1800, 'pago', '16200.00', '14400.00', 1),
(75, '2020-01-15 20:09:13', 4, 35, 4, 6, 3600, 0, 3600, 'pago', '18000.00', '14400.00', 1),
(76, '2020-01-15 20:09:13', 4, 36, 4, 7, 3600, 0, 3600, 'pago', '14400.00', '10800.00', 1),
(77, '2020-01-15 20:09:13', 4, 37, 4, 8, 3600, 0, 3600, 'pago', '10800.00', '7200.00', 1),
(78, '2020-01-15 20:09:13', 4, 38, 4, 9, 3600, 0, 3600, 'pago', '7200.00', '3600.00', 1),
(79, '2020-01-15 20:09:13', 4, 39, 4, 10, 3600, 0, 3600, 'pago', '3600.00', '0.00', 1),
(80, '2020-01-15 20:11:38', 34, 358, 4, 1, 4000, 0, 4000, 'pago', '60000.00', '56000.00', 1),
(81, '2020-01-15 20:11:38', 34, 359, 4, 2, 4000, 0, 4000, 'pago', '56000.00', '52000.00', 1),
(82, '2020-01-15 20:11:38', 34, 360, 4, 3, 4000, 0, 4000, 'pago', '52000.00', '48000.00', 1),
(83, '2020-01-15 20:11:38', 34, 361, 4, 4, 4000, 0, 4000, 'pago', '48000.00', '44000.00', 1);

--
-- Dumping data for table `movimientos`
--

INSERT INTO `movimientos` (`id`, `user_id`, `afectado_id`, `tipo`, `ip`, `descrip`, `datetime`, `fecha`) VALUES
(1, 1, 0, 'registro_cliente', '179.52.234.37', 'Se registro este Cobrador .', 1560385048, '2019-06-12 20:17:28'),
(2, 1, 0, 'registro_cliente', '179.52.234.37', 'Se registro este Ruta .', 1560385068, '2019-06-12 20:17:48'),
(3, 1, 0, 'registro_cliente', '179.52.234.37', 'Se registro este Ruta .', 1560385083, '2019-06-12 20:18:03'),
(4, 1, 0, 'registro_cliente', '179.52.234.37', 'Se registro este Ruta .', 1560385094, '2019-06-12 20:18:14'),
(5, 1, 0, 'registro_cliente', '179.52.234.37', 'Se registro este Cliente kilvio ramirez.', 1560385165, '2019-06-12 20:19:25'),
(6, 1, 0, 'registro_prestamo', '190.80.246.136', 'Se registro Prestamo 10000.', 1561856391, '2019-06-29 20:59:51'),
(7, 1, 0, 'prestamo_pago', '190.80.246.136', 'Pago Prestamo: .', 1561856693, '2019-06-29 21:04:53'),
(8, 1, 2, 'edicion_cliente', '186.150.224.218', 'Se Edito los datos del Cliente ID: <b>2</b> .', 1562113588, '2019-07-02 20:26:28'),
(9, 1, 1, 'elimina_prestamo', '181.37.70.102', 'Se desactivo los datos del Cliente ID: <b>1</b> .', 1565041355, '2019-08-05 17:42:35'),
(10, 1, 0, 'registro_acreedor', '181.37.70.102', 'Se registro este Acreedor .', 1565042307, '2019-08-05 17:58:27'),
(11, 1, 0, 'registro_prestamo', '181.37.70.102', 'Se registro Prestamo 30000.', 1565042541, '2019-08-05 18:02:21'),
(12, 1, 2, 'elimina_prestamo', '181.37.70.102', 'Se desactivo los datos del Cliente ID: <b>2</b> .', 1565042606, '2019-08-05 18:03:26'),
(13, 1, 0, 'registro_cliente', '181.37.70.102', 'Se registro este Cliente ELISAEL DE LOS SANTOS MERCEDES.', 1565139803, '2019-08-06 21:03:23'),
(14, 1, 0, 'registro_prestamo', '181.37.70.102', 'Se registro Prestamo 25000.', 1565139971, '2019-08-06 21:06:11'),
(15, 1, 0, 'prestamo_pago', '148.0.123.186', 'Pago Prestamo: .', 1568071854, '2019-09-09 19:30:54'),
(16, 1, 0, 'prestamo_pago', '148.0.123.186', 'Pago Prestamo: .', 1568071864, '2019-09-09 19:31:04'),
(17, 1, 0, 'prestamo_pago', '148.0.123.186', 'Pago Prestamo: .', 1568071874, '2019-09-09 19:31:14'),
(18, 1, 0, 'prestamo_pago', '148.0.123.186', 'Pago Prestamo: .', 1568072087, '2019-09-09 19:34:47'),
(19, 1, 0, 'registro_cliente', '148.0.123.186', 'Se registro este Cliente ANA BANCA 102.', 1568072343, '2019-09-09 19:39:03'),
(20, 1, 0, 'registro_prestamo', '148.0.123.186', 'Se registro Prestamo 30000.', 1568072448, '2019-09-09 19:40:48'),
(21, 1, 0, 'prestamo_pago', '148.0.123.186', 'Pago Prestamo: .', 1568072468, '2019-09-09 19:41:08'),
(22, 1, 0, 'prestamo_pago', '148.0.123.186', 'Pago Prestamo: .', 1568072468, '2019-09-09 19:41:08'),
(23, 1, 0, 'prestamo_pago', '148.0.123.186', 'Pago Prestamo: .', 1568072468, '2019-09-09 19:41:08'),
(24, 1, 0, 'prestamo_pago', '148.0.123.186', 'Pago Prestamo: .', 1568072468, '2019-09-09 19:41:08'),
(25, 1, 0, 'prestamo_pago', '148.0.123.186', 'Pago Prestamo: .', 1568072468, '2019-09-09 19:41:08'),
(26, 1, 0, 'registro_prestamo', '148.0.123.186', 'Se registro Prestamo 50000.', 1568072599, '2019-09-09 19:43:19'),
(27, 1, 0, 'prestamo_pago', '148.0.123.186', 'Pago Prestamo: .', 1568072633, '2019-09-09 19:43:53'),
(28, 1, 0, 'prestamo_pago', '148.0.123.186', 'Pago Prestamo: .', 1568072633, '2019-09-09 19:43:53'),
(29, 1, 0, 'prestamo_pago', '148.0.123.186', 'Pago Prestamo: .', 1568072633, '2019-09-09 19:43:53'),
(30, 1, 0, 'prestamo_pago', '148.0.123.186', 'Pago Prestamo: .', 1568072633, '2019-09-09 19:43:53'),
(31, 1, 0, 'prestamo_pago', '148.0.123.186', 'Pago Prestamo: .', 1568072633, '2019-09-09 19:43:53'),
(32, 1, 0, 'prestamo_pago', '148.0.123.186', 'Pago Prestamo: .', 1568072633, '2019-09-09 19:43:53'),
(33, 1, 0, 'prestamo_pago', '148.0.123.186', 'Pago Prestamo: .', 1568072633, '2019-09-09 19:43:53'),
(34, 1, 5, 'elimina_prestamo', '148.0.123.186', 'Se desactivo los datos del Cliente ID: <b>5</b> .', 1568072667, '2019-09-09 19:44:27'),
(35, 1, 0, 'registro_prestamo', '148.0.123.186', 'Se registro Prestamo 50000.', 1568072712, '2019-09-09 19:45:12'),
(36, 1, 0, 'prestamo_pago', '148.0.123.186', 'Pago Prestamo: .', 1568072725, '2019-09-09 19:45:25'),
(37, 1, 0, 'prestamo_pago', '148.0.123.186', 'Pago Prestamo: .', 1568072725, '2019-09-09 19:45:25'),
(38, 1, 0, 'prestamo_pago', '148.0.123.186', 'Pago Prestamo: .', 1568072725, '2019-09-09 19:45:25'),
(39, 1, 0, 'prestamo_pago', '148.0.123.186', 'Pago Prestamo: .', 1568072725, '2019-09-09 19:45:25'),
(40, 1, 0, 'prestamo_pago', '148.0.123.186', 'Pago Prestamo: .', 1568072725, '2019-09-09 19:45:25'),
(41, 1, 0, 'prestamo_pago', '148.0.123.186', 'Pago Prestamo: .', 1568072725, '2019-09-09 19:45:25'),
(42, 1, 0, 'prestamo_pago', '148.0.123.186', 'Pago Prestamo: .', 1568072725, '2019-09-09 19:45:25'),
(43, 1, 0, 'registro_cliente', '148.0.123.186', 'Se registro este Cliente DE LA ROSA BANCA #102.', 1568072813, '2019-09-09 19:46:53'),
(44, 1, 0, 'registro_prestamo', '148.0.123.186', 'Se registro Prestamo 10000.', 1568072897, '2019-09-09 19:48:17'),
(45, 1, 0, 'prestamo_pago', '148.0.123.186', 'Pago Prestamo: .', 1568072937, '2019-09-09 19:48:57'),
(46, 1, 0, 'prestamo_pago', '148.0.123.186', 'Pago Prestamo: .', 1568072937, '2019-09-09 19:48:57'),
(47, 1, 0, 'prestamo_pago', '148.0.123.186', 'Pago Prestamo: .', 1568072937, '2019-09-09 19:48:57'),
(48, 1, 0, 'prestamo_pago', '148.0.123.186', 'Pago Prestamo: .', 1568072937, '2019-09-09 19:48:57'),
(49, 1, 0, 'prestamo_pago', '148.0.123.186', 'Pago Prestamo: .', 1568072937, '2019-09-09 19:48:57'),
(50, 1, 0, 'prestamo_pago', '148.0.123.186', 'Pago Prestamo: .', 1568072937, '2019-09-09 19:48:57'),
(51, 1, 0, 'registro_cliente', '148.0.123.186', 'Se registro este Cliente YESSICA CRISLENY RODRIGUEZ GOMEZ (PROFESORA).', 1568073380, '2019-09-09 19:56:20'),
(52, 1, 0, 'registro_prestamo', '148.0.123.186', 'Se registro Prestamo 6000.', 1568073457, '2019-09-09 19:57:37'),
(53, 1, 0, 'registro_cliente', '148.0.123.186', 'Se registro este Cliente PASCUALA MEJIA.', 1568074885, '2019-09-09 20:21:25'),
(54, 1, 0, 'registro_cliente', '148.0.123.186', 'Se registro este Cliente SANTOS MARTINEZ.', 1568074946, '2019-09-09 20:22:26'),
(55, 1, 0, 'registro_cliente', '148.0.123.186', 'Se registro este Cliente ANGELIN HERRERA.', 1568074977, '2019-09-09 20:22:57'),
(56, 1, 0, 'registro_cliente', '148.0.123.186', 'Se registro este Cliente CRISTINA URE&Ntilde;A.', 1568075016, '2019-09-09 20:23:36'),
(57, 1, 0, 'registro_cliente', '148.0.123.186', 'Se registro este Cliente MARIA ESTELA RODRIGUEZ RODRIGUEZ.', 1568075059, '2019-09-09 20:24:19'),
(58, 1, 0, 'registro_cliente', '148.0.123.186', 'Se registro este Cliente YOHAIRA ROCHE.', 1568075111, '2019-09-09 20:25:11'),
(59, 1, 0, 'registro_cliente', '148.101.43.110', 'Se registro este Cliente ANDERSON URBAEZ.', 1568075637, '2019-09-09 20:33:57'),
(60, 1, 0, 'registro_cliente', '148.101.43.110', 'Se registro este Cliente CLARIBEL SANTANA (VILAL HERMOSA).', 1568075706, '2019-09-09 20:35:06'),
(61, 1, 0, 'registro_cliente', '148.101.43.110', 'Se registro este Cliente ANYELINA YOKASTA (VILLA HERMOSA) (ANA).', 1568075747, '2019-09-09 20:35:47'),
(62, 1, 0, 'registro_cliente', '148.101.43.110', 'Se registro este Cliente CAROLIN SANTANA.', 1568075783, '2019-09-09 20:36:23'),
(63, 1, 0, 'registro_cliente', '148.101.43.110', 'Se registro este Cliente CAROLINA #32.', 1568075829, '2019-09-09 20:37:09'),
(64, 1, 0, 'registro_cliente', '148.101.43.110', 'Se registro este Cliente ADRIAN ENCARNACION.', 1568075858, '2019-09-09 20:37:38'),
(65, 1, 0, 'registro_cliente', '148.101.43.110', 'Se registro este Cliente ESPOSO CAROLINA.', 1568075884, '2019-09-09 20:38:04'),
(66, 1, 0, 'registro_cliente', '148.101.43.110', 'Se registro este Cliente HECTOR JULIO DE LA CRUZ.', 1568075915, '2019-09-09 20:38:35'),
(67, 1, 0, 'registro_cliente', '148.101.43.110', 'Se registro este Cliente ARIANNNY (VILLA HERMOSA).', 1568075935, '2019-09-09 20:38:55'),
(68, 1, 0, 'registro_cliente', '148.101.43.110', 'Se registro este Cliente ROSA (VILLA HERMOSA).', 1568075953, '2019-09-09 20:39:13'),
(69, 1, 0, 'registro_cliente', '148.101.43.110', 'Se registro este Cliente VERONICA (VILLA HERMOSA).', 1568075974, '2019-09-09 20:39:34'),
(70, 1, 0, 'registro_cliente', '148.101.43.110', 'Se registro este Cliente MARISOL (CASA JUNIOR).', 1568076006, '2019-09-09 20:40:06'),
(71, 1, 0, 'registro_cliente', '148.101.43.110', 'Se registro este Cliente ISIDRA GOMEZ.', 1568076048, '2019-09-09 20:40:48'),
(72, 1, 0, 'registro_cliente', '148.101.43.110', 'Se registro este Cliente MERCEDES (VILLA HERMOSA).', 1568076080, '2019-09-09 20:41:20'),
(73, 1, 0, 'registro_cliente', '148.101.43.110', 'Se registro este Cliente ROSA MARIA RUIZ.', 1568076114, '2019-09-09 20:41:54'),
(74, 1, 0, 'registro_cliente', '148.101.43.110', 'Se registro este Cliente LOYDA (VILLA HERMOSA).', 1568076134, '2019-09-09 20:42:14'),
(75, 1, 0, 'registro_cliente', '148.101.43.110', 'Se registro este Cliente TERESA ROCHE.', 1568076223, '2019-09-09 20:43:43'),
(76, 1, 0, 'registro_cliente', '148.101.43.110', 'Se registro este Cliente INGRID APONTE.', 1568076249, '2019-09-09 20:44:09'),
(77, 1, 0, 'registro_cliente', '148.101.43.110', 'Se registro este Cliente ROSAURA SENYU.', 1568076289, '2019-09-09 20:44:49'),
(78, 1, 0, 'registro_cliente', '148.101.43.110', 'Se registro este Cliente NELIA FRANCO  (VENEZOLANA).', 1568076324, '2019-09-09 20:45:24'),
(79, 1, 0, 'registro_cliente', '148.101.43.110', 'Se registro este Cliente YANNA (HIJA PASCUALA).', 1568076344, '2019-09-09 20:45:44'),
(80, 1, 0, 'registro_cliente', '148.101.43.110', 'Se registro este Cliente LILIBETH FRIAS.', 1568076373, '2019-09-09 20:46:13'),
(81, 1, 0, 'registro_cliente', '148.101.43.110', 'Se registro este Cliente FIOR RAMON CONCEPCION.', 1568076399, '2019-09-09 20:46:39'),
(82, 1, 0, 'registro_cliente', '148.101.43.110', 'Se registro este Cliente MAR&Iacute;A (FARMACIA).', 1568076454, '2019-09-09 20:47:34'),
(83, 1, 0, 'registro_cliente', '148.101.43.110', 'Se registro este Cliente CAROLINA (FARMACIA).', 1568076484, '2019-09-09 20:48:04'),
(84, 1, 0, 'registro_prestamo', '148.101.43.110', 'Se registro Prestamo 15000.', 1568076721, '2019-09-09 20:52:01'),
(85, 1, 0, 'registro_prestamo', '148.101.43.110', 'Se registro Prestamo 15000.', 1568078556, '2019-09-09 21:22:36'),
(86, 1, 0, 'prestamo_pago', '148.0.115.71', 'Pago Prestamo: .', 1568320267, '2019-09-12 16:31:07'),
(87, 1, 0, 'registro_prestamo', '148.0.115.71', 'Se registro Prestamo 10000.', 1568320775, '2019-09-12 16:39:35'),
(88, 1, 0, 'prestamo_pago', '148.0.115.71', 'Pago Prestamo: .', 1568320823, '2019-09-12 16:40:23'),
(89, 1, 0, 'prestamo_pago', '148.0.115.71', 'Pago Prestamo: .', 1568320823, '2019-09-12 16:40:23'),
(90, 1, 0, 'prestamo_pago', '148.0.115.71', 'Pago Prestamo: .', 1568320823, '2019-09-12 16:40:23'),
(91, 1, 0, 'prestamo_pago', '148.0.115.71', 'Pago Prestamo: .', 1568320823, '2019-09-12 16:40:23'),
(92, 1, 0, 'registro_prestamo', '148.0.115.71', 'Se registro Prestamo 10000.', 1568320892, '2019-09-12 16:41:32'),
(93, 1, 0, 'prestamo_pago', '148.0.117.15', 'Pago Prestamo: .', 1574780157, '2019-11-26 10:55:57'),
(94, 1, 0, 'prestamo_pago', '148.0.117.15', 'Pago Prestamo: .', 1574780157, '2019-11-26 10:55:57'),
(95, 1, 0, 'prestamo_pago', '148.0.117.15', 'Pago Prestamo: .', 1574780157, '2019-11-26 10:55:57'),
(96, 1, 0, 'prestamo_pago', '148.0.117.15', 'Pago Prestamo: .', 1574780157, '2019-11-26 10:55:57'),
(97, 1, 0, 'prestamo_pago', '148.0.117.15', 'Pago Prestamo: .', 1574780157, '2019-11-26 10:55:57'),
(98, 1, 0, 'prestamo_pago', '148.0.117.15', 'Pago Prestamo: .', 1574780474, '2019-11-26 11:01:14'),
(99, 1, 0, 'prestamo_pago', '148.0.117.15', 'Pago Prestamo: .', 1574780474, '2019-11-26 11:01:14'),
(100, 1, 0, 'prestamo_pago', '148.0.117.15', 'Pago Prestamo: .', 1574780474, '2019-11-26 11:01:14'),
(101, 1, 0, 'prestamo_pago', '148.0.117.15', 'Pago Prestamo: .', 1574780474, '2019-11-26 11:01:14'),
(102, 1, 0, 'prestamo_pago', '148.0.117.15', 'Pago Prestamo: .', 1574780474, '2019-11-26 11:01:14'),
(103, 1, 0, 'prestamo_pago', '148.0.117.15', 'Pago Prestamo: .', 1574780474, '2019-11-26 11:01:14'),
(104, 1, 0, 'prestamo_pago', '148.0.117.15', 'Pago Prestamo: .', 1574780474, '2019-11-26 11:01:14'),
(105, 1, 0, 'prestamo_pago', '148.0.117.15', 'Pago Prestamo: .', 1574780474, '2019-11-26 11:01:14'),
(106, 1, 0, 'prestamo_pago', '148.0.117.15', 'Pago Prestamo: .', 1574780854, '2019-11-26 11:07:34'),
(107, 1, 0, 'prestamo_pago', '148.0.117.15', 'Pago Prestamo: .', 1574780854, '2019-11-26 11:07:34'),
(108, 1, 0, 'prestamo_pago', '148.0.117.15', 'Pago Prestamo: .', 1574780854, '2019-11-26 11:07:34'),
(109, 1, 0, 'prestamo_pago', '148.0.117.15', 'Pago Prestamo: .', 1574780854, '2019-11-26 11:07:34'),
(110, 1, 0, 'prestamo_pago', '148.0.117.15', 'Pago Prestamo: .', 1574780854, '2019-11-26 11:07:34'),
(111, 1, 0, 'prestamo_pago', '148.0.117.15', 'Pago Prestamo: .', 1574780854, '2019-11-26 11:07:34'),
(112, 1, 0, 'prestamo_pago', '148.0.117.15', 'Pago Prestamo: .', 1574780854, '2019-11-26 11:07:34'),
(113, 1, 0, 'prestamo_pago', '148.0.117.15', 'Pago Prestamo: .', 1574780854, '2019-11-26 11:07:34'),
(114, 1, 0, 'prestamo_pago', '148.0.117.15', 'Pago Prestamo: .', 1574780854, '2019-11-26 11:07:34'),
(115, 1, 0, 'prestamo_pago', '148.0.117.15', 'Pago Prestamo: .', 1574780865, '2019-11-26 11:07:45'),
(116, 1, 0, 'prestamo_pago', '148.0.117.15', 'Pago Prestamo: .', 1574780865, '2019-11-26 11:07:45'),
(117, 1, 0, 'prestamo_pago', '148.0.117.15', 'Pago Prestamo: .', 1574780865, '2019-11-26 11:07:45'),
(118, 1, 0, 'prestamo_pago', '148.0.117.15', 'Pago Prestamo: .', 1574780865, '2019-11-26 11:07:45'),
(119, 1, 0, 'registro_prestamo', '148.0.117.15', 'Se registro Prestamo 10000.', 1574781064, '2019-11-26 11:11:04'),
(120, 1, 0, 'prestamo_pago', '148.0.117.15', 'Pago Prestamo: .', 1574781072, '2019-11-26 11:11:12'),
(121, 1, 0, 'prestamo_pago', '148.0.117.15', 'Pago Prestamo: .', 1574781072, '2019-11-26 11:11:12'),
(122, 1, 0, 'prestamo_pago', '148.0.117.15', 'Pago Prestamo: .', 1574781072, '2019-11-26 11:11:12'),
(123, 1, 0, 'prestamo_pago', '148.0.117.15', 'Pago Prestamo: .', 1574781072, '2019-11-26 11:11:12'),
(124, 1, 0, 'registro_prestamo', '95.211.210.117', 'Se registro Prestamo 15000.', 1575605282, '2019-12-06 00:08:02'),
(125, 1, 0, 'registro_prestamo', '95.211.210.117', 'Se registro Prestamo 15000.', 1575605400, '2019-12-06 00:10:00'),
(126, 1, 0, 'registro_prestamo', '95.211.210.117', 'Se registro Prestamo 15000.', 1575605553, '2019-12-06 00:12:33'),
(127, 1, 0, 'registro_prestamo', '95.211.210.117', 'Se registro Prestamo 15000.', 1575605858, '2019-12-06 00:17:38'),
(128, 1, 0, 'registro_prestamo', '95.211.210.117', 'Se registro Prestamo 15000.', 1575606074, '2019-12-06 00:21:14'),
(129, 1, 0, 'registro_prestamo', '95.211.210.117', 'Se registro Prestamo 15000.', 1575606102, '2019-12-06 00:21:42'),
(130, 1, 0, 'registro_prestamo', '95.211.210.117', 'Se registro Prestamo 15000.', 1575606122, '2019-12-06 00:22:02'),
(131, 1, 0, 'registro_prestamo', '95.211.210.117', 'Se registro Prestamo 15000.', 1575606203, '2019-12-06 00:23:23'),
(132, 1, 0, 'registro_prestamo', '95.211.210.117', 'Se registro Prestamo 15000.', 1575606259, '2019-12-06 00:24:19'),
(133, 1, 0, 'registro_prestamo', '95.211.210.117', 'Se registro Prestamo 12122.', 1575606324, '2019-12-06 00:25:24'),
(134, 1, 0, 'registro_prestamo', '95.211.210.117', 'Se registro Prestamo 1000.', 1575606395, '2019-12-06 00:26:35'),
(135, 1, 0, 'registro_prestamo', '95.211.210.117', 'Se registro Prestamo 15000.', 1575606534, '2019-12-06 00:28:54'),
(136, 1, 0, 'registro_prestamo', '95.211.210.117', 'Se registro Prestamo 1000.', 1575606598, '2019-12-06 00:29:58'),
(137, 1, 0, 'registro_prestamo', '95.211.210.117', 'Se registro Prestamo 1000.', 1575606635, '2019-12-06 00:30:35'),
(138, 1, 0, 'registro_prestamo', '95.211.210.117', 'Se registro Prestamo 1000.', 1575606660, '2019-12-06 00:31:00'),
(139, 1, 0, 'registro_prestamo', '95.211.210.117', 'Se registro Prestamo 1000.', 1575606684, '2019-12-06 00:31:24'),
(140, 1, 0, 'registro_prestamo', '95.211.210.117', 'Se registro Prestamo 1000.', 1575606771, '2019-12-06 00:32:51'),
(141, 1, 0, 'registro_prestamo', '95.211.210.117', 'Se registro Prestamo 15000.', 1575607030, '2019-12-06 00:37:10'),
(142, 1, 0, 'registro_prestamo', '95.211.210.117', 'Se registro Prestamo 15000.', 1575607081, '2019-12-06 00:38:01'),
(143, 1, 0, 'prestamo_pago', '152.0.130.104', 'Pago Prestamo: .', 1579132956, '2020-01-15 20:02:36'),
(144, 1, 0, 'prestamo_pago', '152.0.130.104', 'Pago Prestamo: .', 1579132956, '2020-01-15 20:02:36'),
(145, 1, 0, 'prestamo_pago', '152.0.130.104', 'Pago Prestamo: .', 1579132956, '2020-01-15 20:02:36'),
(146, 1, 0, 'prestamo_pago', '152.0.130.104', 'Pago Prestamo: .', 1579132956, '2020-01-15 20:02:36'),
(147, 1, 0, 'prestamo_pago', '152.0.130.104', 'Pago Prestamo: .', 1579132956, '2020-01-15 20:02:36'),
(148, 1, 0, 'prestamo_pago', '152.0.130.104', 'Pago Prestamo: .', 1579132956, '2020-01-15 20:02:36'),
(149, 1, 0, 'prestamo_pago', '152.0.130.104', 'Pago Prestamo: .', 1579132963, '2020-01-15 20:02:43'),
(150, 1, 0, 'registro_prestamo', '152.0.130.104', 'Se registro Prestamo 15000.', 1579133308, '2020-01-15 20:08:28'),
(151, 1, 0, 'prestamo_pago', '152.0.130.104', 'Pago Prestamo: .', 1579133318, '2020-01-15 20:08:38'),
(152, 1, 0, 'prestamo_pago', '152.0.130.104', 'Pago Prestamo: .', 1579133318, '2020-01-15 20:08:38'),
(153, 1, 0, 'prestamo_pago', '152.0.130.104', 'Pago Prestamo: .', 1579133353, '2020-01-15 20:09:13'),
(154, 1, 0, 'prestamo_pago', '152.0.130.104', 'Pago Prestamo: .', 1579133353, '2020-01-15 20:09:13'),
(155, 1, 0, 'prestamo_pago', '152.0.130.104', 'Pago Prestamo: .', 1579133353, '2020-01-15 20:09:13'),
(156, 1, 0, 'prestamo_pago', '152.0.130.104', 'Pago Prestamo: .', 1579133353, '2020-01-15 20:09:13'),
(157, 1, 0, 'prestamo_pago', '152.0.130.104', 'Pago Prestamo: .', 1579133353, '2020-01-15 20:09:13'),
(158, 1, 0, 'registro_prestamo', '152.0.130.104', 'Se registro Prestamo 50000.', 1579133490, '2020-01-15 20:11:30'),
(159, 1, 0, 'prestamo_pago', '152.0.130.104', 'Pago Prestamo: .', 1579133498, '2020-01-15 20:11:38'),
(160, 1, 0, 'prestamo_pago', '152.0.130.104', 'Pago Prestamo: .', 1579133498, '2020-01-15 20:11:38'),
(161, 1, 0, 'prestamo_pago', '152.0.130.104', 'Pago Prestamo: .', 1579133498, '2020-01-15 20:11:38'),
(162, 1, 0, 'prestamo_pago', '152.0.130.104', 'Pago Prestamo: .', 1579133498, '2020-01-15 20:11:38');

--
-- Dumping data for table `prestamos`
--

INSERT INTO `prestamos` (`id`, `user_id`, `acreedor_id`, `fecha`, `fecha_inic`, `dias_pago`, `total`, `status`, `saldado`, `nota`, `monto_cuotas`, `total_cuotas`, `porc_interes`, `porc_mora`, `proroga`, `fecha_revision`, `dias_vencimiento`, `calculo_porc_interes`, `cod`, `type`, `garantias`) VALUES
(3, 3, 0, '2019-08-06 00:00:00', '2019-08-12 00:00:00', 7, 25000, 0, 1, '', 3125, 10, 0, 0, 0, '0000-00-00 00:00:00', 10, '25.00', 'T33', 1, 'null'),
(4, 4, 0, '2019-09-09 00:00:00', '2019-08-03 00:00:00', 7, 30000, 0, 1, '', 3600, 10, 0, 0, 0, '0000-00-00 00:00:00', 10, '20.00', 'B94', 1, 'null'),
(6, 4, 0, '2019-09-09 00:00:00', '2019-07-20 00:00:00', 7, 50000, 0, 1, '', 4000, 15, 0, 0, 0, '0000-00-00 00:00:00', 15, '20.00', 'G46', 1, 'null'),
(7, 5, 0, '2019-09-09 00:00:00', '2019-08-01 00:00:00', 7, 10000, 0, 1, '', 1200, 10, 0, 0, 0, '0000-00-00 00:00:00', 10, '20.00', 'O17', 1, 'null'),
(8, 6, 0, '2019-09-09 00:00:00', '2019-09-30 00:00:00', 30, 6000, 0, 1, '', 1800, 4, 0, 0, 0, '0000-00-00 00:00:00', 4, '20.00', 'J98', 1, 'null'),
(11, 5, 0, '2019-09-12 00:00:00', '2019-09-12 00:00:00', 7, 10000, 0, 1, '', 1200, 10, 0, 0, 0, '0000-00-00 00:00:00', 10, '20.00', 'K411', 1, 'null'),
(12, 6, 0, '2019-09-12 00:00:00', '2019-09-30 00:00:00', 30, 10000, 0, 0, '', 2000, 6, 0, 0, 0, '0000-00-00 00:00:00', 6, '20.00', 'G312', 1, 'null'),
(13, 5, 0, '2019-11-26 00:00:00', '2019-10-31 00:00:00', 7, 10000, 0, 1, '', 1200, 10, 0, 0, 0, '0000-00-00 00:00:00', 10, '20.00', 'K013', 1, 'null'),
(33, 5, 0, '2020-01-15 00:00:00', '2019-12-26 00:00:00', 7, 15000, 0, 0, '', 1800, 10, 0, 0, 0, '0000-00-00 00:00:00', 10, '20.00', 'N533', 1, 'null'),
(34, 4, 0, '2020-01-15 00:00:00', '2019-12-06 00:00:00', 7, 50000, 0, 0, '', 4000, 15, 0, 0, 0, '0000-00-00 00:00:00', 15, '20.00', 'T334', 1, 'null');

--
-- Dumping data for table `usuarios`
--

INSERT INTO `usuarios` (`id`, `name`, `type`, `user`, `pass`, `email`, `direccion`, `telefono`, `permisos`, `fecha_registro`, `fecha_login`, `status`, `nota`, `user_id`) VALUES
(1, 'INVERSIONES JUNIOR', 1, 'junior', '741852', 'juniordiaz08@hotmail.com', 'LA ROMANA', '829-257-5395', '*', 0, 1608389957, 1, '', 0);
COMMIT;

/*!40101 SET CHARACTER_SET_CLIENT=@OLD_CHARACTER_SET_CLIENT */;
/*!40101 SET CHARACTER_SET_RESULTS=@OLD_CHARACTER_SET_RESULTS */;
/*!40101 SET COLLATION_CONNECTION=@OLD_COLLATION_CONNECTION */;
